-- phpMyAdmin SQL Dump
-- version 4.6.4
-- https://www.phpmyadmin.net/
--
-- Host: 127.0.0.1
-- Generation Time: Nov 03, 2016 at 10:05 PM
-- Server version: 5.7.14
-- PHP Version: 5.6.25

SET SQL_MODE = "NO_AUTO_VALUE_ON_ZERO";
SET time_zone = "+00:00";


/*!40101 SET @OLD_CHARACTER_SET_CLIENT=@@CHARACTER_SET_CLIENT */;
/*!40101 SET @OLD_CHARACTER_SET_RESULTS=@@CHARACTER_SET_RESULTS */;
/*!40101 SET @OLD_COLLATION_CONNECTION=@@COLLATION_CONNECTION */;
/*!40101 SET NAMES utf8mb4 */;

--
-- Database: `reflect_content`
--

-- --------------------------------------------------------

--
-- Table structure for table `ci_sessions`
--

CREATE TABLE `ci_sessions` (
  `id` varchar(40) NOT NULL,
  `ip_address` varchar(45) NOT NULL,
  `timestamp` int(10) UNSIGNED NOT NULL DEFAULT '0',
  `data` blob NOT NULL
) ENGINE=InnoDB DEFAULT CHARSET=latin1;

--
-- Dumping data for table `ci_sessions`
--

INSERT INTO `ci_sessions` (`id`, `ip_address`, `timestamp`, `data`) VALUES
('02b686058d75e542f92a9d53a79a5c063b82b6f9', '::1', 1478007030, 0x5f5f63695f6c6173745f726567656e65726174657c693a313437383030373033303b6c6f67696e7c623a313b756e616d657c733a353a2261646d696e223b7569647c733a313a2234223b),
('0708e6df8400173da31823e4d7664c03cdeafc8c', '127.0.0.1', 1477894370, 0x5f5f63695f6c6173745f726567656e65726174657c693a313437373839343132393b6c6f67696e7c623a313b756e616d657c733a353a2261646d696e223b7569647c733a313a2234223b),
('1c8ea376ef1ab60f490734b3b6a52d0eee64fe5e', '127.0.0.1', 1477864726, 0x5f5f63695f6c6173745f726567656e65726174657c693a313437373836343438343b6c6f67696e7c623a313b756e616d657c733a353a2261646d696e223b7569647c733a313a2234223b),
('24bcbc7988154b0f4744be4694de9b6d11098b00', '127.0.0.1', 1477865627, 0x5f5f63695f6c6173745f726567656e65726174657c693a313437373836353434333b6c6f67696e7c623a313b756e616d657c733a353a2261646d696e223b7569647c733a313a2234223b),
('2ab59e4ef41884f5b89f61934fa6199f8de4cdf2', '127.0.0.1', 1477856004, 0x5f5f63695f6c6173745f726567656e65726174657c693a313437373835353737393b6c6f67696e7c623a313b756e616d657c733a353a2261646d696e223b7569647c733a313a2234223b),
('3534ca47513b7ff08aa2a96bbcb46db27e0b811b', '127.0.0.1', 1477861248, 0x5f5f63695f6c6173745f726567656e65726174657c693a313437373836313234383b6c6f67696e7c623a313b756e616d657c733a353a2261646d696e223b7569647c733a313a2234223b),
('35f0d393a3e1b2c9e686a7ceddc88c187e2b107b', '127.0.0.1', 1477866095, 0x5f5f63695f6c6173745f726567656e65726174657c693a313437373836353739363b6c6f67696e7c623a313b756e616d657c733a353a2261646d696e223b7569647c733a313a2234223b),
('3s445sv77643f5cm40hshppel2l9n6qb', '::1', 1478032698, 0x5f5f63695f6c6173745f726567656e65726174657c693a313437383033323637313b6c6f67696e7c623a313b756e616d657c733a353a2261646d696e223b7569647c733a313a2234223b),
('449ca11dac74fef52c973af457d6de38a5737279', '127.0.0.1', 1477895038, 0x5f5f63695f6c6173745f726567656e65726174657c693a313437373839343736313b6c6f67696e7c623a313b756e616d657c733a353a2261646d696e223b7569647c733a313a2234223b),
('472eg6a3acf89qirs02q082trmkq8n6b', '::1', 1478069447, 0x5f5f63695f6c6173745f726567656e65726174657c693a313437383036393431353b6c6f67696e7c623a313b756e616d657c733a353a2261646d696e223b7569647c733a313a2234223b),
('49c1598c8ca44f09e92230e0b7bb6eb65a5f698c', '127.0.0.1', 1477892812, 0x5f5f63695f6c6173745f726567656e65726174657c693a313437373839323731353b6c6f67696e7c623a313b756e616d657c733a353a2261646d696e223b7569647c733a313a2234223b),
('554d718187436b03cf8fb156c186c404179666b5', '127.0.0.1', 1477862118, 0x5f5f63695f6c6173745f726567656e65726174657c693a313437373836323131383b6c6f67696e7c623a313b756e616d657c733a353a2261646d696e223b7569647c733a313a2234223b),
('598b4fa69d3ee1375f6037426ce0cc2c21820462', '127.0.0.1', 1477894744, 0x5f5f63695f6c6173745f726567656e65726174657c693a313437373839343434343b6c6f67696e7c623a313b756e616d657c733a353a2261646d696e223b7569647c733a313a2234223b),
('600b8062570407a3ca784c74eaef1756acf09c04', '127.0.0.1', 1477892327, 0x5f5f63695f6c6173745f726567656e65726174657c693a313437373839323130343b6c6f67696e7c623a313b756e616d657c733a353a2261646d696e223b7569647c733a313a2234223b),
('6b28dad1834994f5578863cde4b0ca936859301a', '::1', 1477929382, 0x5f5f63695f6c6173745f726567656e65726174657c693a313437373932393337353b6c6f67696e7c623a313b756e616d657c733a353a2261646d696e223b7569647c733a313a2234223b),
('7tutpuu717c1u41ar4p3tko4627air49', '::1', 1478119220, 0x5f5f63695f6c6173745f726567656e65726174657c693a313437383131393231383b6c6f67696e7c623a313b756e616d657c733a353a2261646d696e223b7569647c733a313a2234223b),
('809e28d9de87e91cfa98b3b725a6cd700fa2d264', '127.0.0.1', 1477860188, 0x5f5f63695f6c6173745f726567656e65726174657c693a313437373836303138383b6c6f67696e7c623a313b756e616d657c733a353a2261646d696e223b7569647c733a313a2234223b),
('831a07cf481b8d1c27c88e65471f4cdb84a3837c', '127.0.0.1', 1477894099, 0x5f5f63695f6c6173745f726567656e65726174657c693a313437373839333830373b6c6f67696e7c623a313b756e616d657c733a353a2261646d696e223b7569647c733a313a2234223b),
('8572d00bd9dcdc26acbce9c40e45dbe2d0724bb9', '127.0.0.1', 1477861817, 0x5f5f63695f6c6173745f726567656e65726174657c693a313437373836313734323b6c6f67696e7c623a313b756e616d657c733a353a2261646d696e223b7569647c733a313a2234223b),
('890acfe582f3c55df0cac49644cf2f34ec21170e', '127.0.0.1', 1477895351, 0x5f5f63695f6c6173745f726567656e65726174657c693a313437373839353038353b6c6f67696e7c623a313b756e616d657c733a353a2261646d696e223b7569647c733a313a2234223b),
('90f79c509204f857d132d5c416a80aafa62fbbde', '127.0.0.1', 1477864892, 0x5f5f63695f6c6173745f726567656e65726174657c693a313437373836343838353b6c6f67696e7c623a313b756e616d657c733a353a2261646d696e223b7569647c733a313a2234223b),
('b5223e6b2e2ea7d1b4258cabb4cb34804b7da62c', '127.0.0.1', 1477856349, 0x5f5f63695f6c6173745f726567656e65726174657c693a313437373835363334393b6c6f67696e7c623a313b756e616d657c733a353a2261646d696e223b7569647c733a313a2234223b),
('bdd4d1349ea186ab60a13b1685b2f6d83c4a57b8', '127.0.0.1', 1477856680, 0x5f5f63695f6c6173745f726567656e65726174657c693a313437373835363637313b6c6f67696e7c623a313b756e616d657c733a353a2261646d696e223b7569647c733a313a2234223b),
('d7bb256badc10d51abfb63f28003c62f95730d83', '::1', 1477930569, 0x5f5f63695f6c6173745f726567656e65726174657c693a313437373933303536393b6c6f67696e7c623a313b756e616d657c733a353a2261646d696e223b7569647c733a313a2234223b),
('da98996748a4d6e0de2732993415f138dc38fdfb', '127.0.0.1', 1477855334, 0x5f5f63695f6c6173745f726567656e65726174657c693a313437373835353332353b6c6f67696e7c623a313b756e616d657c733a353a2261646d696e223b7569647c733a313a2234223b),
('e87de36ef3182b5ba05695223bb2d83e93f7c7cd', '127.0.0.1', 1477892532, 0x5f5f63695f6c6173745f726567656e65726174657c693a313437373839323431333b6c6f67696e7c623a313b756e616d657c733a353a2261646d696e223b7569647c733a313a2234223b),
('ff4e53436491004f242dfaa36a200acdfb4432f1', '::1', 1477991609, 0x5f5f63695f6c6173745f726567656e65726174657c693a313437373939313630393b),
('sna15dkqicols63lle83htv2ce7f0sdl', '::1', 1478033224, 0x5f5f63695f6c6173745f726567656e65726174657c693a313437383033333038313b6c6f67696e7c623a313b756e616d657c733a353a2261646d696e223b7569647c733a313a2234223b),
('tk7sdthasukmdulq6dqr9vrujcn863lf', '::1', 1478197308, 0x5f5f63695f6c6173745f726567656e65726174657c693a313437383139373330383b);

-- --------------------------------------------------------

--
-- Table structure for table `clienti`
--

CREATE TABLE `clienti` (
  `id_client` int(11) NOT NULL,
  `nume` varchar(45) NOT NULL,
  `prenume` varchar(45) NOT NULL,
  `email` varchar(100) NOT NULL,
  `telefon` varchar(45) NOT NULL,
  `profesie` varchar(20) NOT NULL,
  `oras` varchar(30) NOT NULL,
  `data_acces` date NOT NULL,
  `status` tinyint(1) NOT NULL,
  `access_gratuit` tinyint(1) DEFAULT '0',
  `finalizare_curs` date DEFAULT NULL
) ENGINE=InnoDB DEFAULT CHARSET=latin1;

--
-- Dumping data for table `clienti`
--

INSERT INTO `clienti` (`id_client`, `nume`, `prenume`, `email`, `telefon`, `profesie`, `oras`, `data_acces`, `status`, `access_gratuit`, `finalizare_curs`) VALUES
(1, 'Ceaia', 'Tiberiu', 'c_tiby@yahoo.com', '0745924213', 'angajat', 'Cluj', '2016-10-30', 1, 0, NULL),
(2, 'Buga', 'Irina', 'b.irinagabriela@gmail.com', '0745924213', 'angajat', 'Cluj', '2016-10-30', 1, 0, NULL),
(3, 'Popescu', 'Ion', 'popescu.ion@gmail.com', '0745999999', 'manager', 'Oradea', '2016-10-30', 0, 0, NULL);

-- --------------------------------------------------------

--
-- Table structure for table `istoric_clienti`
--

CREATE TABLE `istoric_clienti` (
  `id` int(11) NOT NULL,
  `id_client` int(11) NOT NULL,
  `data` datetime NOT NULL DEFAULT CURRENT_TIMESTAMP,
  `detalii` varchar(500) DEFAULT NULL
) ENGINE=InnoDB DEFAULT CHARSET=latin1;

--
-- Dumping data for table `istoric_clienti`
--

INSERT INTO `istoric_clienti` (`id`, `id_client`, `data`, `detalii`) VALUES
(1, 1, '2016-10-30 20:42:17', 'a facut ceva interesant'),
(2, 1, '2016-10-30 20:45:17', 'a mai facut ceva');

-- --------------------------------------------------------

--
-- Table structure for table `plati_facturi`
--

CREATE TABLE `plati_facturi` (
  `id` int(11) NOT NULL,
  `id_client` int(11) NOT NULL,
  `trimitere_factura` date NOT NULL,
  `plata_efectuata` date DEFAULT NULL,
  `plata_integrala` tinyint(1) DEFAULT '0',
  `rata_lunara` smallint(100) DEFAULT '0'
) ENGINE=InnoDB DEFAULT CHARSET=latin1;

--
-- Dumping data for table `plati_facturi`
--

INSERT INTO `plati_facturi` (`id`, `id_client`, `trimitere_factura`, `plata_efectuata`, `plata_integrala`, `rata_lunara`) VALUES
(1, 1, '2016-09-20', '2016-09-25', 0, 200),
(2, 1, '2016-07-20', '2016-07-25', 0, 200),
(3, 1, '2016-06-20', '2016-06-25', 0, 200),
(4, 2, '2016-09-20', '2016-09-25', 0, 200),
(5, 2, '2016-05-20', '2016-05-25', 0, 200),
(6, 2, '2016-07-20', '2016-07-25', 0, 200),
(7, 2, '2016-04-20', '2016-04-25', 0, 200),
(8, 2, '2016-03-20', '2016-03-25', 0, 200),
(9, 1, '2016-02-20', '2016-02-25', 0, 200),
(10, 3, '2016-09-20', '2016-09-25', 1, 1990);

-- --------------------------------------------------------

--
-- Table structure for table `user`
--

CREATE TABLE `user` (
  `id` int(12) NOT NULL,
  `fname` varchar(30) NOT NULL,
  `lname` varchar(30) NOT NULL,
  `email` varchar(60) NOT NULL,
  `password` varchar(40) NOT NULL
) ENGINE=MyISAM DEFAULT CHARSET=latin1;

--
-- Dumping data for table `user`
--

INSERT INTO `user` (`id`, `fname`, `lname`, `email`, `password`) VALUES
(2, 'Tiberiu', 'Ceaia', 'c_tiby@yahoo.com', 'b6cb572e168a99f5209eae6a906cf65c'),
(3, 'Irina', 'Buga', 'irina@buga.com', 'e10adc3949ba59abbe56e057f20f883e'),
(4, 'admin', 'admin', 'admin@admin.com', '21232f297a57a5a743894a0e4a801fc3'),
(5, 'admin', 'admin', 'admin2@admin.com', 'e10adc3949ba59abbe56e057f20f883e');

--
-- Indexes for dumped tables
--

--
-- Indexes for table `ci_sessions`
--
ALTER TABLE `ci_sessions`
  ADD PRIMARY KEY (`id`),
  ADD KEY `ci_sessions_timestamp` (`timestamp`);

--
-- Indexes for table `clienti`
--
ALTER TABLE `clienti`
  ADD PRIMARY KEY (`id_client`);

--
-- Indexes for table `istoric_clienti`
--
ALTER TABLE `istoric_clienti`
  ADD PRIMARY KEY (`id`),
  ADD KEY `id_client_idx` (`id_client`);

--
-- Indexes for table `plati_facturi`
--
ALTER TABLE `plati_facturi`
  ADD PRIMARY KEY (`id`),
  ADD KEY `id_client_idx` (`id_client`);

--
-- Indexes for table `user`
--
ALTER TABLE `user`
  ADD PRIMARY KEY (`id`),
  ADD UNIQUE KEY `email` (`email`);

--
-- AUTO_INCREMENT for dumped tables
--

--
-- AUTO_INCREMENT for table `clienti`
--
ALTER TABLE `clienti`
  MODIFY `id_client` int(11) NOT NULL AUTO_INCREMENT, AUTO_INCREMENT=4;
--
-- AUTO_INCREMENT for table `istoric_clienti`
--
ALTER TABLE `istoric_clienti`
  MODIFY `id` int(11) NOT NULL AUTO_INCREMENT, AUTO_INCREMENT=3;
--
-- AUTO_INCREMENT for table `plati_facturi`
--
ALTER TABLE `plati_facturi`
  MODIFY `id` int(11) NOT NULL AUTO_INCREMENT, AUTO_INCREMENT=11;
--
-- AUTO_INCREMENT for table `user`
--
ALTER TABLE `user`
  MODIFY `id` int(12) NOT NULL AUTO_INCREMENT, AUTO_INCREMENT=6;
--
-- Constraints for dumped tables
--

--
-- Constraints for table `clienti`
--
ALTER TABLE `clienti`
  ADD CONSTRAINT `clienti_ibfk_1` FOREIGN KEY (`id_client`) REFERENCES `plati_facturi` (`id_client`) ON DELETE CASCADE ON UPDATE CASCADE;

--
-- Constraints for table `istoric_clienti`
--
ALTER TABLE `istoric_clienti`
  ADD CONSTRAINT `istoric_clienti_ibfk_1` FOREIGN KEY (`id_client`) REFERENCES `clienti` (`id_client`) ON DELETE CASCADE ON UPDATE CASCADE;

/*!40101 SET CHARACTER_SET_CLIENT=@OLD_CHARACTER_SET_CLIENT */;
/*!40101 SET CHARACTER_SET_RESULTS=@OLD_CHARACTER_SET_RESULTS */;
/*!40101 SET COLLATION_CONNECTION=@OLD_COLLATION_CONNECTION */;
